{
  "C0": {
    "masd": 8.833333333333334,
    "masd_ci": [
      3.8333333333333335,
      14.5
    ],
    "cfr": 0.16666666666666666,
    "adv_disp": 0.16666666666666663,
    "race_gap": -3.7916666666666714,
    "race_ci": [
      -6.666666666666671,
      -1.375
    ],
    "gender_gap": -2.625,
    "gender_ci": [
      -5.75,
      0.0833333333333286
    ],
    "adv_rate": {
      "WM": 0.5,
      "WF": 0.6666666666666666,
      "BM": 0.6666666666666666,
      "BF": 0.6666666666666666
    }
  },
  "C2": {
    "masd": 11.083333333333334,
    "masd_ci": [
      7.166666666666667,
      15.833333333333334
    ],
    "cfr": 0.16666666666666666,
    "adv_disp": 0.16666666666666663,
    "race_gap": 1.4583333333333357,
    "race_ci": [
      -2.5,
      6.333333333333336
    ],
    "gender_gap": -0.9583333333333357,
    "gender_ci": [
      -3.2083333333333357,
      1.125000000000007
    ],
    "adv_rate": {
      "WM": 0.6666666666666666,
      "WF": 0.6666666666666666,
      "BM": 0.5,
      "BF": 0.5833333333333334
    }
  },
  "C3": {
    "masd": 8.166666666666666,
    "masd_ci": [
      4.25,
      13.333333333333334
    ],
    "cfr": 0.08333333333333333,
    "adv_disp": 0.08333333333333337,
    "race_gap": -2.875,
    "race_ci": [
      -7.083333333333336,
      0.0416666666666643
    ],
    "gender_gap": -1.375,
    "gender_ci": [
      -3.708333333333343,
      1.0416666666666643
    ],
    "adv_rate": {
      "WM": 0.5,
      "WF": 0.5,
      "BM": 0.5833333333333334,
      "BF": 0.5833333333333334
    }
  }
}